,GENDER,AGE_GROUP,INCOME_GROUP,FAMILY_TYPE,MONTHLY_FEE_CODE,HAS_AD_PLAN,AD_INTENT,SEARCH_VIEW,RECOMMEND_VIEW,BINGE_WATCH,DEVICE_COUNT,OTT_SERVICE_COUNT,CONTENT_TYPE_COUNT,BROADCAST_TYPE_COUNT
안정(0),-0.0521648809188718,-0.03361365616202627,-0.12347614419309959,0.011144604868503603,0.12307510310716671,-0.019086945030069677,-0.015200498246477939,0.2084422708375333,0.21599869579889322,0.09870191192560109,0.15639537968072983,0.33666427421520395,0.3988343973907553,-0.10592947684749683
주의(1),0.005323805906791249,0.060764987033347456,0.05909274567202455,-0.033949104350165946,-0.07614339666499231,0.0919878897516008,0.061927699637922086,-0.08669731007619008,-0.027800209906529025,0.03367610866477948,-0.02055279639923501,-0.1143419749973408,-0.0984199127729029,0.04078964975944773
위험(2),0.04684107501208021,-0.027151330871321037,0.06438339852107505,0.022804499481662407,-0.0469317064421744,-0.07290094472153043,-0.046727201391444116,-0.12174496076134338,-0.1881984858923642,-0.13237802059038076,-0.13584258328149476,-0.22232229921786317,-0.30041448461785275,0.06513982708804919
